docente,materia,semestre,comentario
"Héctor Salcedo","Cálculo","2026-2","Qué belleza de profe, nunca contesta un correo."
"Héctor Salcedo","Cálculo","2026-2","Uy sí, qué amor, nos humilla por preguntar."
"Héctor Salcedo","Cálculo","2026-2","Un encanto, hoy nos volvió a llamar brutos."
"Héctor Salcedo","Cálculo","2026-2","Qué paciencia divina, me gritó por pedir ayuda."
"Marta Rincón","Historia","2026-2","Uff, qué clase tan emocionante, hasta el reloj se durmió."
"Marta Rincón","Historia","2026-2","Qué maravilla, dos horas leyendo las mismas diapositivas."
"Marta Rincón","Historia","2026-2","Divertidísima la clase, mejor que una pastilla para dormir."
"Marta Rincón","Historia","2026-2","Qué lujo de ejemplos, ninguno en todo el semestre."
"Marta Rincón","Historia","2026-2","Qué aventura tan dinámica, copiar sin parar del tablero."
"Paola Méndez","Economía","2026-2","Qué belleza de evaluación, preguntó todo lo que nunca explicó."
"Paola Méndez","Economía","2026-2","Súper claras las notas, nadie sabe de dónde salió el dos."
"Paola Méndez","Economía","2026-2","Qué justo, cambió la rúbrica después de calificar."
"Paola Méndez","Economía","2026-2","Excelente retroalimentación, un chulito y adivine qué falló."
"Paola Méndez","Economía","2026-2","Uy sí, qué puntualidad, solo 40 min tarde."
"Paola Méndez","Economía","2026-2","Una joya de organización, perdió los parciales otra vez."
"Héctor Salcedo","Cálculo","2026-2","Sabe un montón, pero trata a la gente como si fuera boba."
"Héctor Salcedo","Cálculo","2026-2","Resuelve cualquier integral, pero se burla cuando uno pregunta."
"Héctor Salcedo","Cálculo","2026-2","Explica bien pero llega tarde siempre."
"Héctor Salcedo","Cálculo","2026-2","Domina los teoremas, pero los parciales no tienen criterios."
"Héctor Salcedo","Cálculo","2026-2","Los ejercicios ayudan, pero contesta de mala gana."
"Marta Rincón","Historia","2026-2","Siempre llega a la hora, pero esa clase es un ladrillo."
"Marta Rincón","Historia","2026-2","Entrega las notas a tiempo, pero solo dicta y dicta."
"Marta Rincón","Historia","2026-2","Es respetuosa, pero sus ejemplos no se entienden."
"Marta Rincón","Historia","2026-2","Se sabe todas las fechas, pero no propone actividades."
"Marta Rincón","Historia","2026-2","Arranca puntual, pero leer diapositivas no ayuda a aprender."
"Andrés Rojas","Programación","2026-2","Parce, explica con ejemplos buenísimos, pero llega tarde."
"Andrés Rojas","Programación","2026-2","Sabe mucho de código, pero la rúbrica quedó confusa."
"Andrés Rojas","Programación","2026-2","Nos escucha con respeto, pero devolvió el parcial muy tarde."
"Paola Méndez","Economía","2026-2","Explica con casos reales, pero califica sin decir qué esperaba."
"Paola Méndez","Economía","2026-2","Es muy amable, pero el parcial no tenía que ver con lo visto."
"Héctor Salcedo","Cálculo","2026-2","Relaciona todos los temas, pero hace comentarios groseros."
"Marta Rincón","Historia","2026-2","Cumple el horario, pero las actividades son puro copiar."
"Andrés Rojas","Programación","2026-2","Explica paso a paso, pero califica sin justificar."
"Paola Méndez","Economía","2026-2","Domina economía, pero pone notas sin explicar."
"Paola Méndez","Economía","2026-2","Responde con cariño, pero nunca devuelve trabajos corregidos."
"Héctor Salcedo","Cálculo","2026-2","Pues ahí va."
"Héctor Salcedo","Cálculo","2026-2","Con ese profe uno ya sabe."
"Marta Rincón","Historia","2026-2","Normal, como todos."
"Marta Rincón","Historia","2026-2","La clase estuvo como estuvo."
"Andrés Rojas","Programación","2026-2","Ni fu ni fa."
"Andrés Rojas","Programación","2026-2","No sé qué decir, depende del día."
"Paola Méndez","Economía","2026-2","Pues qué le digo, ahí vamos."
"Paola Méndez","Economía","2026-2","Tiene sus cosas, supongo."
"Héctor Salcedo","Cálculo","2026-2","La empanada de la cafetería estaba fría."
"Marta Rincón","Historia","2026-2","El bus de la ruta se varó ayer."
"Andrés Rojas","Programación","2026-2","Vendo calculadora, escribir al grupo."
"Paola Méndez","Economía","2026-2","Ojalá arreglen el baño del bloque C."
"Héctor Salcedo","Cálculo","2026-2","El profe conecta demostraciones con ingeniería."
"Héctor Salcedo","Cálculo","2026-2","Se sabe el tema al derecho y al revés."
"Héctor Salcedo","Cálculo","2026-2","Resolvió una duda avanzada con precisión."
"Héctor Salcedo","Cálculo","2026-2","Interrumpe antes de que terminemos la pregunta."
"Héctor Salcedo","Cálculo","2026-2","Dice que preguntar es perder el tiempo."
"Héctor Salcedo","Cálculo","2026-2","Conoce muy bien las aplicaciones del cálculo."
"Héctor Salcedo","Cálculo","2026-2","La explicación del límite con dibujos me sirvió."
"Marta Rincón","Historia","2026-2","Llega cinco minutos antes siempre."
"Marta Rincón","Historia","2026-2","Nunca cancela sin avisar."
"Marta Rincón","Historia","2026-2","Termina justo a la hora acordada."
"Marta Rincón","Historia","2026-2","Solo lee el libro en voz alta."
"Marta Rincón","Historia","2026-2","No hay discusiones para practicar."
"Lucía Torres","Estadística","2026-2","Uff, explica estadística con datos del barrio y uno entiende de una."
"Lucía Torres","Estadística","2026-2","Domina probabilidades y responde con precisión."
"Lucía Torres","Estadística","2026-2","Escucha con paciencia y nunca ridiculiza a nadie."
"Lucía Torres","Estadística","2026-2","Entrega una rúbrica clara y comentarios útiles en cada trabajo."
"Andrés Rojas","Programación","2026-2","Parce, con los ejemplos de buses entendí las listas enlazadas."
"Andrés Rojas","Programación","2026-2","Nos deja practicar y revisamos juntos los errores."
"Andrés Rojas","Programación","2026-2","Explica recursión paso a paso."
"Andrés Rojas","Programación","2026-2","Las actividades de parejas ayudan a destrabarse."
"Andrés Rojas","Programación","2026-2","Usa tiendas del barrio para explicar bases de datos."
"Andrés Rojas","Programación","2026-2","El taller de depuración fue una nota."
"Andrés Rojas","Programación","2026-2","Muestra varias formas de resolver cada problema."
"Andrés Rojas","Programación","2026-2","Relaciona lo nuevo con lo que ya vimos."
"Andrés Rojas","Programación","2026-2","Las demostraciones en vivo son fáciles de seguir."
"Andrés Rojas","Programación","2026-2","Domina algoritmos y justifica cada decisión."
"Andrés Rojas","Programación","2026-2","Respondió bien una pregunta avanzada de complejidad."
"Andrés Rojas","Programación","2026-2","Distingue muy claro memoria y almacenamiento."
"Andrés Rojas","Programación","2026-2","Explica por qué falla el código con precisión."
"Andrés Rojas","Programación","2026-2","Conoce las limitaciones de cada estructura de datos."
"Andrés Rojas","Programación","2026-2","Respeta incluso las preguntas repetidas."
"Andrés Rojas","Programación","2026-2","Escucha al final a quienes vamos atrasados."
"Andrés Rojas","Programación","2026-2","No se burla de los errores de nadie."
"Andrés Rojas","Programación","2026-2","Contesta correos con indicaciones concretas."
"Andrés Rojas","Programación","2026-2","Hace sentir que sí podemos aprender."
"Andrés Rojas","Programación","2026-2","La rúbrica del primer proyecto fue precisa."
"Andrés Rojas","Programación","2026-2","Devuelve trabajos con ejemplos de cómo corregir."
"Andrés Rojas","Programación","2026-2","El parcial preguntó lo practicado en talleres."
"Andrés Rojas","Programación","2026-2","Las notas aparecen en la fecha anunciada."
"Andrés Rojas","Programación","2026-2","Cada descuento de puntos viene explicado."
"Andrés Rojas","Programación","2026-2","Llega puntual a los laboratorios."
"Andrés Rojas","Programación","2026-2","Avisa con tiempo si mueve una sesión."
"Andrés Rojas","Programación","2026-2","Respeta el tiempo del descanso."
"Andrés Rojas","Programación","2026-2","Las tutorías comienzan a la hora acordada."
"Paola Méndez","Economía","2026-2","La nota no viene con ningún comentario."
"Paola Méndez","Economía","2026-2","Preguntó temas que todavía no habíamos visto."
"Paola Méndez","Economía","2026-2","Cambió porcentajes al final del semestre."
"Paola Méndez","Economía","2026-2","No deja revisar el parcial calificado."
"Paola Méndez","Economía","2026-2","La rúbrica apareció después de entregar."
